{
    "left_p0_0_right_p0_0": 426.3682961463928,
    "left_p0_1_right_p0_1": 452.1408677101135,
    "left_p0_2_right_p0_2": 392.3366069793701,
    "left_p1_3_right_p1_3": 447.43719696998596,
    "left_p1_4_right_p1_4": 584.1752290725708,
    "left_p1_5_right_p1_5": 2389.4388675689697,
    "left_p2_6_right_p2_6": 921.2294816970825,
    "left_p2_7_right_p2_7": 796.4796423912048,
    "left_p2_8_right_p2_8": 2475.3899574279785,
    "left_p3_9_right_p3_9": 831.1091661453247,
    "left_p3_10_right_p3_10": 575.8647918701172,
    "left_p3_11_right_p3_11": 919.9978709220886,
    "left_p4_12_right_p4_12": 720.5847501754761,
    "left_p4_13_right_p4_13": 915.1042699813843,
    "left_p4_14_right_p4_14": 644.3430781364441,
    "left_p5_15_right_p5_15": 757.8837275505066,
    "left_p5_16_right_p5_16": 716.8316841125488,
    "left_p5_17_right_p5_17": 604.7086119651794,
    "left_p6_18_right_p6_18": 623.8970160484314,
    "left_p6_19_right_p6_19": 533.0429077148438,
    "left_p6_20_right_p6_20": 533.8699817657471,
    "left_p7_21_right_p7_21": 399.6274173259735,
    "left_p7_22_right_p7_22": 429.02645468711853,
    "left_p7_23_right_p7_23": 403.8488268852234,
    "left_p8_24_right_p8_24": 390.7770812511444,
    "left_p8_25_right_p8_25": 361.4277243614197,
    "left_p8_26_right_p8_26": 409.6181094646454,
    "left_p9_27_right_p9_27": 401.4926552772522,
    "left_p9_28_right_p9_28": 379.98807430267334,
    "left_p9_29_right_p9_29": 485.6446087360382,
    "left_p10_30_right_p10_30": 625.5985498428345,
    "left_p10_31_right_p10_31": 529.7601222991943,
    "left_p10_32_right_p10_32": 396.6330885887146,
    "left_p11_33_right_p11_33": 402.9030501842499,
    "left_p11_34_right_p11_34": 404.79907393455505,
    "left_p11_35_right_p11_35": 450.36545395851135,
    "left_p12_36_right_p12_36": 377.07310914993286,
    "left_p12_37_right_p12_37": 438.87653946876526,
    "left_p12_38_right_p12_38": 377.07310914993286
}